<?xml version="1.0" encoding="UTF-8"?>
<project-private xmlns="http://www.netbeans.org/ns/project-private/1">
    <editor-bookmarks xmlns="http://www.netbeans.org/ns/editor-bookmarks/2" lastBookmarkId="0"/>
    <open-files xmlns="http://www.netbeans.org/ns/projectui-open-files/2">
        <group>
            <file>file:/C:/Users/MINEDUCYT/Documents/NetBeansProjects/SistemaBiblioteca/web/META-INF/context.xml</file>
            <file>file:/C:/Users/MINEDUCYT/Documents/NetBeansProjects/SistemaBiblioteca/src/java/Clasificacioncontroller.java</file>
            <file>file:/C:/Users/MINEDUCYT/Documents/NetBeansProjects/SistemaBiblioteca/web/conexion.jsp</file>
            <file>file:/C:/Users/MINEDUCYT/Documents/NetBeansProjects/SistemaBiblioteca/src/java/prestamo.java</file>
            <file>file:/C:/Users/MINEDUCYT/Documents/NetBeansProjects/SistemaBiblioteca/web/styles.css</file>
            <file>file:/C:/Users/MINEDUCYT/Documents/NetBeansProjects/SistemaBiblioteca/src/java/Recursocontroller.java</file>
            <file>file:/C:/Users/MINEDUCYT/Documents/NetBeansProjects/SistemaBiblioteca/src/java/Usuariocontroller.java</file>
            <file>file:/C:/Users/MINEDUCYT/Documents/NetBeansProjects/SistemaBiblioteca/src/java/usuario.java</file>
            <file>file:/C:/Users/MINEDUCYT/Documents/NetBeansProjects/SistemaBiblioteca/web/clasificaciones.jsp</file>
            <file>file:/C:/Users/MINEDUCYT/Documents/NetBeansProjects/SistemaBiblioteca/src/java/Prestamocontroller.java</file>
            <file>file:/C:/Users/MINEDUCYT/Documents/NetBeansProjects/SistemaBiblioteca/web/index.jsp</file>
            <file>file:/C:/Users/MINEDUCYT/Documents/NetBeansProjects/SistemaBiblioteca/web/prestamos.jsp</file>
            <file>file:/C:/Users/MINEDUCYT/Documents/NetBeansProjects/SistemaBiblioteca/web/recursos.jsp</file>
            <file>file:/C:/Users/MINEDUCYT/Documents/NetBeansProjects/SistemaBiblioteca/src/java/clasificacion.java</file>
            <file>file:/C:/Users/MINEDUCYT/Documents/NetBeansProjects/SistemaBiblioteca/web/navbar.jsp</file>
            <file>file:/C:/Users/MINEDUCYT/Documents/NetBeansProjects/SistemaBiblioteca/web/sidebar.jsp</file>
            <file>file:/C:/Users/MINEDUCYT/Documents/NetBeansProjects/SistemaBiblioteca/src/java/recurso.java</file>
            <file>file:/C:/Users/MINEDUCYT/Documents/NetBeansProjects/SistemaBiblioteca/web/usuarios.jsp</file>
        </group>
    </open-files>
</project-private>
